Interest_Hobbies,Subjects_Passionate_About,Skills_Talents,Long_Term_Career_Goals,Work_Environment_Preference,Values_Beliefs_Work,Strengths_Weaknesses,Industry_Field_Thriving_In,Work_Life_Balance_Envisioned,Predicted_Career_Field
Reading,Science,Programming,Research and Development,Office environment,Work-life balance,Analytical thinker,Technology,Work from home,Software Development
Sports,Social Sciences,Communication,Management and Leadership,Outdoor environment,Team player,Excellent communicator,Finance and Accounting,Flexible work hours,Finance and Investment
Painting,Arts and Design,Creative thinking,Entrepreneurship,Remote work,Innovation and creativity,Detail-oriented,Marketing and Advertising,Traditional office hours,Marketing and Communications
Traveling,International Relations,Language proficiency,Non-profit and Humanitarian work,Flexible work location,Empathy and social consciousness,Adaptable and resourceful,Social Services and Non-profit,Part-time work,Human Resources and Recruitment
Music,Healthcare and Medicine,Interpersonal skills,Healthcare and Patient Care,Medical facilities,Compassion and empathy,Strong work ethic,Healthcare and Life Sciences,Shift-based work,Medical and Clinical Research
Cooking,Culinary Arts,Food preparation,Executive Chef,Restaurant and kitchen environment,Attention to detail,Ability to multitask,Hospitality and Culinary Arts,Flexible work shifts,Culinary Arts and Restaurant Management
Sports,Physical Education,Teaching and Instruction,Physical Education Teacher,School and classroom environment,Patience and communication skills,Adaptable and flexible,Education and Teaching,Standard work hours,Education and Academic Administration
Photography,Visual Arts,Photography and Editing,Commercial and Advertising Photography,Studio and on-location shoots,Creativity and attention to detail,Strong visual communication skills,Media and Photography,Freelance work,Photography and Videography
Writing,English Literature,Content creation and editing,Professional Writer,Remote and flexible work,Strong written and verbal communication skills,Research and organization,Writing and Publishing,Work-life integration,Content Creation and Copywriting
Reading,Science,Programming,Research and Development,Office environment,Work-life balance,Analytical thinker,Technology,Work from home,Software Development
Sports,Social Sciences,Communication,Management and Leadership,Outdoor environment,Team player,Excellent communicator,Finance and Accounting,Flexible work hours,Finance and Investment
Painting,Arts and Design,Creative thinking,Entrepreneurship,Remote work,Innovation and creativity,Detail-oriented,Marketing and Advertising,Traditional office hours,Marketing and Communications
Traveling,International Relations,Language proficiency,Non-profit and Humanitarian work,Flexible work location,Empathy and social consciousness,Adaptable and resourceful,Social Services and Non-profit,Part-time work,Human Resources and Recruitment
Music,Healthcare and Medicine,Interpersonal skills,Healthcare and Patient Care,Medical facilities,Compassion and empathy,Strong work ethic,Healthcare and Life Sciences,Shift-based work,Medical and Clinical Research
Gardening,Environmental Science,Plant care and cultivation,Environmental Conservation,Outdoor and natural environment,Sustainability and eco-consciousness,Attention to detail,Environmental Science and Conservation,Flexible work location,Environmental Research and Policy
Photography,Fine Arts,Photography and Editing,Fine Art Photographer,Art galleries and studios,Creativity and visual storytelling,Ability to work under pressure,Arts and Culture,Flexible work hours,Visual Arts and Fine Arts
Volunteering,Community Service,Leadership and teamwork,Non-profit Management,Social impact and community involvement,Strategic planning and problem-solving,Socially conscious and empathetic,Non-profit and Community Organizations,Flexible work hours,Community Development and Advocacy
Coding and Programming,Computer Science,Software Development,Full-stack Developer,Tech startups and innovation,Problem-solving and logical reasoning,Attention to detail and accuracy,Information Technology and Software Development,Remote work,Web Development and Programming
Traveling,Cultural Studies,Cross-cultural communication,International Relations Specialist,Diplomatic missions and embassies,Intercultural competence and adaptability,Strong negotiation and diplomatic skills,International Relations and Diplomacy,Frequent travel,Global Affairs and Diplomacy
Yoga and Meditation,Wellness and Holistic Health,Teaching and mindfulness,Wellness Coach and Instructor,Wellness retreats and holistic healing,Emotional intelligence and stress management,Positive and motivational attitude,Wellness and Health Promotion,Flexible work hours,Wellness and Mindfulness Training
Event Planning and Coordination,Hospitality and Tourism,Organizational and multitasking skills,Event Planner and Coordinator,Event venues and convention centers,Creativity and attention to detail,Strong communication and negotiation skills,Event Planning and Management,Flexible work hours,Event Management and Coordination
Public Speaking,Communication Studies,Oral and written communication,Public Relations Specialist,Media and public relations agencies,Persuasion and negotiation skills,Confident and articulate speaker,Public Relations and Communications,Flexible work location,Media Relations and Brand Management
Fashion and Styling,Fashion Design and Merchandising,Creative and trend forecasting,Fashion Designer and Stylist,Fashion industry and runway shows,Design and aesthetics,Attention to detail and fashion sense,Fashion and Apparel Design,Flexible work hours,Fashion Design and Styling
Sports and Fitness,Physical Education and Kinesiology,Personal training and coaching,Physical Education Instructor and Coach,Sports facilities and training centers,Leadership and motivational skills,Strong physical stamina and fitness,Physical Education and Coaching,Flexible work shifts,Sports and Athletic Training
Cooking,Culinary Arts,Cooking techniques and food preparation,Executive Chef,Fine dining restaurants and hotels,Creativity and attention to detail,Time management and organizational skills,Culinary Arts and Gastronomy,Regular work hours,Culinary Arts and Hospitality
Photography,Photography and Videography,Photography and video editing,Professional Photographer,Videography and production studios,Creativity and storytelling,Attention to detail and visual composition,Photography and Videography,Flexible work location,Visual Arts and Media Production
Writing,Literature and Creative Writing,Content creation and storytelling,Content Writer and Copywriter,Media and advertising agencies,Excellent writing and communication skills,Research and analytical skills,Media and Communications,Flexible work hours,Content Creation and Copywriting
Outdoor Sports and Recreation,Physical Education and Sports Management,Outdoor adventure and leadership,Outdoor Recreation Specialist,National parks and outdoor recreation centers,Outdoor skills and risk management,Leadership and teamwork,Outdoor Recreation and Adventure Tourism,Flexible work schedule,Outdoor Recreation and Sports Management
Music,Music Composition and Performance,Musical instrument proficiency,Musician and Performer,Concerts and music festivals,Musical creativity and performance skills,Stage presence and audience engagement,Music and Performing Arts,Flexible work hours,Music and Entertainment Industry
Graphic Design,Visual Arts and Design,Graphic design software and tools,Graphic Designer and Visual Communicator,Design agencies and marketing firms,Creativity and visual communication,Attention to detail and problem-solving skills,Graphic Design and Visual Communication,Flexible work location,Graphic Design and Digital Media
Teaching and Education,Education and Pedagogy,Teaching methodologies and instructional design,Education Consultant and Instructional Designer,Educational institutions and schools,Excellent teaching and communication skills,Analytical and critical thinking,Education and Instructional Design,Flexible work hours,Education and Training
Social Media,Marketing and Communications,Social media management and strategy,Social Media Specialist and Marketer,Digital marketing agencies and social media platforms,Strategic planning and social media analytics,Creativity and content creation,Marketing and Digital Communications,Flexible work hours,Digital Marketing and Social Media Management
Environmental Conservation,Environmental Science and Policy,Conservation and sustainability practices,Conservation Scientist and Ecologist,Environmental organizations and research institutes,Field research and data analysis,Project management and leadership,Environmental Conservation and Policy,Flexible work schedule,Environmental Science and Conservation
Cooking,Culinary Arts,Cooking techniques and recipe creation,Executive Chef,Fine dining restaurants and hotels,Creativity and attention to detail,Strong leadership and management skills,Culinary Arts and Hospitality,Flexible work hours,Culinary Arts and Culinary Management
Writing and Blogging,Journalism and Mass Communication,Content creation and storytelling,Content Writer and Blogger,Media and publishing industry,Strong writing and editing skills,Research and critical thinking,Media and Communications,Flexible work location,Content Creation and Digital Media
Sales and Negotiation,Business and Marketing,Strategic selling and relationship building,Sales Manager and Negotiator,Corporate sales and business development,Persuasion and negotiation skills,Strong communication and networking abilities,Business and Sales,Flexible work hours,Sales and Business Development
Teaching and Education,Educational Studies and Pedagogy,Classroom management and curriculum development,Elementary School Teacher,Public or private schools,Patience and adaptability,Strong communication and organizational skills,Education and Teaching,Flexible work hours,Elementary Education and Classroom Instruction
Graphic Design,Visual Arts and Design,Graphic design software and visual communication,Graphic Designer and Visual Communicator,Advertising agencies and design studios,Creativity and visual storytelling,Attention to detail and time management,Graphic Design and Visual Communication,Flexible work hours,Graphic Design and Branding
Research and Data Analysis,Statistics and Data Science,Data collection and analysis,Data Analyst and Researcher,Market research and analytics firms,Analytical and problem-solving skills,Attention to detail and data interpretation,Data Analysis and Research,Flexible work hours,Data Science and Analytics
Music and Performance,Performing Arts and Music,Instrumental or vocal performance,Professional Musician and Performer,Concerts and music events,Artistic expression and stage presence,Ability to work under pressure and adaptability,Performing Arts and Music,Flexible work hours,Music and Performance Arts
Finance and Investment,Finance and Economics,Financial analysis and portfolio management,Investment Analyst and Advisor,Investment firms and financial institutions,Analytical and quantitative skills,Risk management and financial planning,Finance and Investment Management,Flexible work hours,Finance and Investment Analysis
Healthcare and Patient Care,Medical and Nursing,Clinical skills and patient care,Registered Nurse and Healthcare Provider,Hospitals and healthcare facilities,Empathy and compassion for patients,Strong communication and problem-solving skills,Healthcare and Nursing,Flexible work shifts,Medical and Patient Care Services
Photography,Visual Arts and Media Production,Photography and photo editing,Professional Photographer,Freelance and remote work,Flexibility and creativity,Attention to detail and visual composition,Photography and Videography,Flexible work hours,Photography and Media Production
Programming,Computer Science and Software Development,Programming languages and algorithms,Software Engineer and Developer,Technology companies and startups,Problem-solving and logical thinking,Communication and teamwork,Information Technology and Software Development,Regular work hours,Software Engineering and Development
Business,Entrepreneurship and Business Management,Business strategy and leadership,Entrepreneur and Business Owner,Own business or startup,Leadership and decision-making,Networking and negotiation skills,Business and Management,Flexible work schedule,Business and Entrepreneurship
Healthcare,Medicine and Medical Sciences,Clinical skills and patient care,Medical Doctor and Physician,Hospitals and healthcare facilities,Empathy and compassion,Attention to detail and critical thinking,Medicine and Healthcare,Shift work and on-call,Medical and Healthcare Industry
Artificial Intelligence,Artificial Intelligence and Machine Learning,Machine learning algorithms and data analysis,Machine Learning Engineer and Data Scientist,Technology companies and research institutes,Data analysis and problem-solving,Programming and statistical skills,Artificial Intelligence and Data Science,Flexible work hours,Artificial Intelligence and Machine Learning
Marketing,Marketing and Communications,Marketing strategies and campaign management,Marketing Manager and Digital Marketer,Marketing agencies and digital marketing platforms,Creative thinking and analytical skills,Communication and negotiation,Marketing and Digital Communications,Flexible work schedule,Marketing and Advertising Industry
Finance,Finance and Investment Management,Financial analysis and investment strategies,Financial Analyst and Investment Manager,Investment banks and financial institutions,Analytical and quantitative skills,Risk management and financial planning,Finance and Investment Management,Regular work hours,Finance and Investment Industry
Human Resources,Human Resource Management and Organizational Behavior,Employee relations and talent management,Human Resources Manager and HR Specialist,Corporate and business organizations,Communication and interpersonal skills,Conflict resolution and negotiation,Human Resource Management and Organizational Behavior,Regular work hours,Human Resources and Organizational Development
Architecture,Architecture and Design,Architectural design and construction,Architect and Urban Planner,Architecture firms and construction companies,Creativity and spatial awareness,Attention to detail and project management,Architecture and Urban Planning,Flexible work hours,Architecture and Design Industry
Graphic design,Visual arts and Design,Adobe Creative Suite,Graphic Designer and Visual Artist,Design agencies and creative studios,Creativity and attention to detail,Visual communication and problem-solving,Graphic Design and Visual Arts,Flexible work hours,Graphic Design and Visual Arts
Environmental Science,Environmental Science and Conservation,Field research and data analysis,Environmental Scientist and Conservationist,Environmental organizations and research institutions,Passion for nature and sustainability,Data analysis and environmental policy,Environmental Science and Conservation,Field work and remote locations,Environmental Science and Conservation
Teaching,Education and Pedagogy,Teaching methods and curriculum development,Teacher and Educator,Schools and educational institutions,Passion for teaching and learning,Effective communication and classroom management,Education and Pedagogy,Regular work hours,Education and Teaching Industry
Journalism,Journalism and Media Studies,News reporting and storytelling,Journalist and News Reporter,News agencies and media organizations,Critical thinking and communication skills,Research and investigative journalism,Journalism and Media Studies,Flexible work hours,Journalism and Media Industry
Event planning,Event Management and Hospitality,Event planning and coordination,Event Planner and Coordinator,Event management companies and hospitality industry,Creativity and organizational skills,Time management and multitasking,Event Management and Hospitality,Flexible work hours,Event Planning and Management
Engineering,Mechanical Engineering and Product Design,Engineering principles and product development,Mechanical Engineer and Product Designer,Engineering firms and manufacturing companies,Problem-solving and technical skills,Product design and prototyping,Mechanical Engineering and Product Design,Regular work hours,Engineering and Product Development
Social Work,Social Work and Human Services,Case management and counseling,Social Worker and Human Services Professional,Non-profit organizations and social service agencies,Empathy and compassion,Communication and problem-solving,Social Work and Human Services,Regular work hours,Social Work and Human Services
Traveling and Exploration,Travel and Tourism Management,Travel planning and destination research,Travel Consultant and Tourism Specialist,Travel agencies and tour operators,Knowledge of travel destinations and cultures,Customer service and sales skills,Travel and Tourism Management,Flexible work hours,Travel and Tourism Industry
Culinary Arts,Culinary Arts and Food Service Management,Cooking and food preparation,Chef and Culinary Artist,Restaurants and hospitality industry,Creativity and culinary skills,Time management and multitasking,Culinary Arts and Food Service Management,Irregular work hours,Culinary Arts and Hospitality Industry
Data analysis and visualization,Data Science and Analytics,Python programming and data visualization,Data Scientist and Analytics Consultant,Data-driven companies and research institutions,Analytical thinking and data visualization,Data analysis and statistical modeling,Data Science and Analytics,Flexible work hours,Data Science and Analytics
Photography and videography,Media Production and Visual Arts,Photography and video editing,Photographer and Videographer,Media production companies and creative studios,Creativity and attention to detail,Visual storytelling and editing,Media Production and Visual Arts,Flexible work hours,Photography and Videography
Web development,Computer Science and Web Development,"HTML, CSS, JavaScript",Front-end Developer and Web Designer,Technology companies and digital agencies,Programming and problem-solving,Web design and user experience,Computer Science and Web Development,Regular work hours,Web Development and Design
Marketing and branding,Marketing and Advertising,Marketing strategy and branding,Marketing Manager and Branding Specialist,Marketing agencies and corporate organizations,Strategic thinking and creative problem-solving,Branding and campaign management,Marketing and Advertising,Flexible work hours,Marketing and Branding Industry
Healthcare,Medicine and Healthcare,Medical knowledge and patient care,Physician and Healthcare Professional,Hospitals and healthcare institutions,Empathy and strong interpersonal skills,Medical diagnosis and treatment,Medicine and Healthcare,Irregular work hours,Healthcare and Medical Industry
Business strategy and consulting,Business Management and Strategy,Strategic planning and business development,Business Consultant and Strategy Analyst,Consulting firms and corporate organizations,Analytical thinking and strategic decision-making,Business process improvement and project management,Business Management and Strategy,Regular work hours,Business Consulting and Strategy
User experience (UX) design,Interaction Design and User Experience,Usability testing and user research,UX Designer and Interaction Designer,Design agencies and technology companies,User-centered design and prototyping,Information architecture and wireframing,Interaction Design and User Experience,Regular work hours,UX Design and Interaction Design
Human resources and talent management,Human Resources Management and Organizational Behavior,Talent acquisition and performance management,HR Manager and Talent Specialist,HR departments and talent acquisition firms,Employee relations and talent development,HR policies and compliance,Human Resources Management and Organizational Behavior,Regular work hours,Human Resources and Talent Management
Finance and investment,Finance and Investment Management,Financial analysis and investment strategies,Finance Analyst and Investment Manager,Investment banks and financial institutions,Financial planning and risk management,Investment portfolio management and financial modeling,Finance and Investment Management,Regular work hours,Finance and Investment Industry
Mathematical modeling and simulation,Applied Mathematics and Computational Science,Mathematical modeling,Mathematical Modeler and Simulation Analyst,Research institutions and technology companies,Analytical thinking and programming,Simulation and data analysis,Applied Mathematics and Computational Science,Regular work hours,Mathematical Modeling and Simulation
Mathematical research and analysis,Pure Mathematics and Theoretical Physics,Abstract mathematical concepts and proofs,Mathematical Researcher and Theoretical Physicist,Academic institutions and research organizations,Logical reasoning and problem-solving,Mathematical research and proof-writing,Pure Mathematics and Theoretical Physics,Flexible work hours,Mathematical Research and Analysis
Actuarial science and risk management,Actuarial Science and Risk Analysis,Probability and statistics,Actuary and Risk Analyst,Insurance companies and financial institutions,Risk assessment and data analysis,Actuarial modeling and financial forecasting,Actuarial Science and Risk Analysis,Regular work hours,Actuarial Science and Risk Management
Mathematics education and teaching,Mathematics Education and Pedagogy,Teaching and curriculum development,Mathematics Educator and Curriculum Developer,Educational institutions and schools,Effective communication and pedagogical skills,Instructional design and curriculum planning,Mathematics Education and Pedagogy,Regular work hours,Mathematics Education and Teaching
Data analysis and statistics,Data Science and Statistics,Data analysis and statistical modeling,Data Analyst and Statistician,Data-driven companies and research organizations,Statistical analysis and data visualization,Data mining and pattern recognition,Data Science and Statistics,Regular work hours,Data Analysis and Statistics
Operations research and optimization,Operations Research and Optimization,Optimization algorithms and decision-making,Operations Research Analyst and Optimization Specialist,Consulting firms and logistics companies,Quantitative analysis and problem-solving,Operations research and mathematical modeling,Operations Research and Optimization,Regular work hours,Operations Research and Optimization
Financial mathematics and quantitative finance,Financial Mathematics and Quantitative Finance,Financial modeling and risk management,Quantitative Analyst and Financial Engineer,Investment banks and hedge funds,Mathematical finance and risk assessment,Derivative pricing and financial forecasting,Financial Mathematics and Quantitative Finance,Irregular work hours,Financial Mathematics and Quantitative Finance
Cryptology and cybersecurity,Applied Cryptography and Cybersecurity,Cryptography and network security,Cryptologist and Cybersecurity Specialist,Government agencies and cybersecurity firms,Information security and encryption algorithms,Cryptographic protocols and cybersecurity best practices,Applied Cryptography and Cybersecurity,Regular work hours,Cryptology and Cybersecurity
Mathematical consulting and problem-solving,Mathematical Consulting and Applied Mathematics,Problem-solving and data analysis,Mathematical Consultant and Problem Solver,Consulting firms and technology companies,Critical thinking and strategic decision-making,Mathematical modeling and optimization,Mathematical Consulting and Applied Mathematics,Flexible work hours,Mathematical Consulting and Problem-Solving
Quantitative research and data analysis,Quantitative Research and Statistical Analysis,Data analysis and statistical modeling,Quantitative Researcher and Data Analyst,Market research companies and research organizations,Quantitative analysis and research methodology,Statistical analysis and data visualization,Quantitative Research and Statistical Analysis,Regular work hours,Quantitative Research and Data Analysis
